﻿<?xml version="1.0" encoding="utf-8"?>
<LEConfig>
  <Profiles>
    <Profile Name="Run in Japanese" Guid="37132122-5a0e-46ec-9a4c-ee7e70fbf39c" MainMenu="false">
      <Parameter></Parameter>
      <Location>ja-JP</Location>
      <Timezone>Tokyo Standard Time</Timezone>
      <RunAsAdmin>false</RunAsAdmin>
      <RedirectRegistry>true</RedirectRegistry>
      <IsAdvancedRedirection>false</IsAdvancedRedirection>
      <RunWithSuspend>false</RunWithSuspend>
    </Profile>
    <Profile Name="Run in Japanese (Admin)" Guid="8e8afa74-acbe-4e60-9b77-862e444c0449" MainMenu="false">
      <Parameter></Parameter>
      <Location>ja-JP</Location>
      <Timezone>Tokyo Standard Time</Timezone>
      <RunAsAdmin>true</RunAsAdmin>
      <RedirectRegistry>true</RedirectRegistry>
      <IsAdvancedRedirection>false</IsAdvancedRedirection>
      <RunWithSuspend>false</RunWithSuspend>
    </Profile>
  </Profiles>
</LEConfig>