[
  {
    "name": "Lanczos",
    "effects": [
      {
        "effect": "Lanczos",
        "scale": [ -1, -1 ]
      }
    ]
  },
  {
    "name": "FSR",
    "effects": [
      {
        "effect": "FSR_EASU",
        "scale": [ -1, -1 ]
      },
      {
        "effect": "FSR_RCAS",
        "sharpness": 0.87
      }
    ]
  },
  {
    "name": "FSRCNNX",
    "effects": [
      {
        "effect": "FSRCNNX"
      },
      {
        "effect": "Bicubic",
        "scale": [ -1, -1 ],
        "paramB": 0,
        "paramC": 0.5
      }
    ]
  },
  {
    "name": "ACNet",
    "effects": [
      {
        "effect": "ACNet"
      },
      {
        "effect": "Bicubic",
        "scale": [ -1, -1 ],
        "paramB": 0,
        "paramC": 0.5
      }
    ]
  },
  {
    "name": "Anime4K",
    "effects": [
      {
        "effect": "Anime4K_Upscale_Denoise_L"
      },
      {
        "effect": "Bicubic",
        "scale": [ -1, -1 ],
        "paramB": 0,
        "paramC": 0.5
      }
    ]
  },
  {
    "name": "CRT-Geom",
    "effects": [
      {
        "effect": "CRT_Geom",
        "scale": [ -1, -1 ],
        "curvature": 0,
        "cornerSize": 0.001,
        "CRTGamma": 1.5,
        "monitorGamma": 2.2,
        "interlace": false
      }
    ]
  },
  {
    "name": "Integer Scale 2x",
    "effects": [
      {
        "effect": "Nearest",
        "scale": [ 2, 2 ]
      }
    ]
  },
  {
    "name": "Integer Scale 3x",
    "effects": [
      {
        "effect": "Nearest",
        "scale": [ 3, 3 ]
      }
    ]
  }
]
