{
    "_1": {
        "use": false,
        "name": "去除花括号{}"
    },
    "_2": {
        "use": false,
        "name": "去除重复字符(AAAABBBBCCCC->ABC)",
        "args": {
            "重复次数(若为1则自动分析去重)": 1
        }
    },
    "_3": {
        "use": false,
        "name": "去除重复行(ABCDABCDABCD->ABCD)",
        "args": {
            "重复次数(若为1则自动分析去重)": 1
        }
    },
    "_4": {
        "use": false,
        "name": "过滤HTML标签"
    },
    "_6": {
        "use": false,
        "name": "过滤换行符"
    },
    "_9": {
        "use": false,
        "name": "过滤数字和英文字母"
    },
    "_7": {
        "use": false,
        "name": "简单替换内容(若替换为空则直接过滤)",
        "args": {
            "替换内容": {}
        }
    },
    "_8": {
        "use": false,
        "name": "使用正则表达式替换",
        "args": {
            "替换内容": {}
        }
    },
    "_10": {
        "use": false,
        "name": "递减式重复行(ABCDBCDCDD->ABCD)"
    }
}