{
    "baiduapi": {
        "args": {
            "注册网址": "https://fanyi-api.baidu.com/api/trans/product/desktop",
            "APP ID": "",
            "密钥": "",
            "字数统计": "0",
            "次数统计": "0"
        }
    },
    "caiyunapi": {
        "args": {
            "注册网址": "https://fanyi.caiyunapp.com/#/",
            "Token": "",
            "字数统计": "0",
            "次数统计": "0"
        }
    },
    "deeplapi-free": {
        "args": {
            "注册网址": "https://www.deepl.com/translator",
            "DeepL-Auth-Key": "",
            "字数统计": "0",
            "次数统计": "0"
        }
    },
    "deeplapi": {
        "args": {
            "注册网址": "https://www.deepl.com/translator",
            "DeepL-Auth-Key": "",
            "字数统计": "0",
            "次数统计": "0"
        }
    },
    "huoshanapi": {
        "args": {
            "注册网址": "https://www.volcengine.com/docs/4640/130872",
            "Access Key ID": "",
            "Secret Access Key": "",
            "字数统计": "0",
            "次数统计": "0"
        }
    },
    "tencentapi": {
        "args": {
            "注册网址": "https://console.cloud.tencent.com/cam/capi",
            "SecretId": "",
            "SecretKey": "",
            "字数统计": "0",
            "次数统计": "0"
        }
    },
    "xiaoniu": {
        "args": {
            "注册网址": "https://niutrans.com/text_trans",
            "apikey": "",
            "字数统计": "0",
            "次数统计": "0"
        }
    },
    "youdaoapi": {
        "args": {
            "注册网址": "https://ai.youdao.com/product-fanyi-text.s",
            "APP_KEY": "",
            "APP_SECRET": "",
            "字数统计": "0",
            "次数统计": "0"
        }
    },
    "jb7": {
        "args": {
            "路径": ""
        }
    },
    "kingsoft": {
        "args": {
            "路径": ""
        }
    },
    "dreye": {
        "args": {
            "路径": ""
        }
    },
    "rengong": {
        "args": {
            "json文件": ""
        }
    },
    "premt": {
        "args": {
            "sqlite文件": ""
        }
    }
}